{"cameraMode":{"drawMode":0,"name":"Shaded","section":"Shading Mode"},"sceneLighting":true,"audioPlay":false,"sceneViewState":{"m_AlwaysRefresh":false,"showFog":true,"showSkybox":true,"showFlares":true,"showImageEffects":true,"showParticleSystems":true,"showVisualEffectGraphs":true,"m_FxEnabled":true},"in2DMode":false,"pivot":{"x":-0.385320246219635,"y":0.816284716129303,"z":-7.514338493347168},"rotation":{"x":-0.003683239920064807,"y":-0.5744998455047607,"z":-0.0025852653197944166,"w":0.8184922933578491},"size":1.4158965349197388,"orthographic":false}