{"cameraMode":{"drawMode":0,"name":"Shaded","section":"Shading Mode"},"sceneLighting":true,"audioPlay":false,"sceneViewState":{"m_AlwaysRefresh":false,"showFog":true,"showSkybox":true,"showFlares":true,"showImageEffects":true,"showParticleSystems":true,"showVisualEffectGraphs":true,"m_FxEnabled":true},"in2DMode":false,"pivot":{"x":2.277778387069702,"y":0.7907989025115967,"z":-8.476787567138672},"rotation":{"x":-0.003683239920064807,"y":-0.5744998455047607,"z":-0.0025852653197944166,"w":0.8184922933578491},"size":2.1834633350372316,"orthographic":false}